id,source,target,spanish,german,french,portuguese,polish,mandarin
id,source,target,fuente,Quelle,la source,fonte,źródło,资源
76f944e5eb74723399adc54bb93c40bc51fd803a,Favorite Opportunity,Favorite Opportunity,Oportunidad favorita,Lieblingsgelegenheit,Opportunité préférée,Oportunidade favorita,Ulubiona okazja,最喜欢的机会
4430c756c45a77024099b2e550cf03f3b616a7e3,You will need to be logged in to favorite this opportunity.,You will need to be logged in to favorite this opportunity.,Deberá iniciar sesión para marcar esta oportunidad como favorita.,"Sie müssen angemeldet sein, um diese Gelegenheit nutzen zu können.",Vous devrez être connecté pour mettre cette opportunité en favori.,Você precisará estar logado para favoritar esta oportunidade.,"Musisz być zalogowany, aby wybrać tę ulubioną opcję.",您需要先登录才能收藏此机会。
d7b35c384aecd25a516200d6921836374613dfe7,Cancel,Cancel,Cancelar,Stornieren,Annuler,Cancelar,Anuluj,取消
68e710782ccb5398b3acb8844caf0b199da2c3da,Confirm,Confirm,Confirmar,Bestätigen,Confirmer,confirme,Potwierdzać,确认
b5ebce76ac17b2c64965edb3a64ac45789eab5d8,Stories,Stories,Cuentos,Geschichten,Histoires,Histórias,Historie,故事
e4af1d8589cbeceafa239ea4c5f287a88f4a4f02,Meet your experience manager who is here to help facilitate your new adventure.,Meet your experience manager who is here to help facilitate your new adventure.,Conozca a su gerente de experiencia que está aquí para ayudarlo a facilitar su nueva aventura.,"Treffen Sie Ihren Experience Manager, der hier ist, um Ihnen bei Ihrem neuen Abenteuer zu helfen.",Rencontrez votre gestionnaire d'expérience qui est là pour vous aider à faciliter votre nouvelle aventure.,"Conheça seu gerente de experiência, que está aqui para ajudar a facilitar sua nova aventura.","Poznaj swojego menedżera doświadczenia, który jest tutaj, aby pomóc Ci w nowej przygodzie.",与您的经验经理会面，他会在这里帮助您进行新的冒险。
553ddaebedd198abcc770d4c31cd5504d87dcd29,Please add your thoughts,Please add your thoughts,Por favor agrega tus pensamientos,Bitte fügen Sie Ihre Gedanken hinzu,Veuillez ajouter vos pensées,"Por favor, adicione seus pensamentos",Dodaj swoje przemyślenia,请添加您的想法
4dfef9c67d8f6e7a85cdce0834c1cb2d2e7e13dd,Who do you want to chat with?,Who do you want to chat with?,¿Con quién quieres chatear?,Mit wem möchten Sie chatten?,Avec qui voulez-vous discuter?,Com quem você quer conversar?,Z kim chcesz rozmawiać?,您想和谁聊天？
99d89a122e738580a025973c6e78d67169bdef06,Experience Manager,Experience Manager,Gerente de experiencia,Experience Manager,Gestionnaire d'expérience,Gerente de Experiência,Menedżer doświadczenia,体验经理
08113d836036502f7f25690d9bf528318dfecd97,Chat directly with your Manager,Chat directly with your Manager,Chatea directamente con tu gerente,Chatten Sie direkt mit Ihrem Manager,Discutez directement avec votre responsable,Converse diretamente com seu gerente,Czatuj bezpośrednio ze swoim menedżerem,直接与您的经理聊天
f1abafaeb40ce52355ddcc24686e3cd17b64e08a,Applications,Applications,Aplicaciones,Anwendungen,Applications,Formulários,Aplikacje,应用领域
911cec421c58ebd9fe47e9a89fda63dc546f8f61,Help with a specific application,Help with a specific application,Ayuda con una aplicación específica,Hilfe bei einer bestimmten Anwendung,Aide avec une application spécifique,Ajuda com uma aplicação específica,Pomoc z określoną aplikacją,帮助特定的应用程序
dba1582648d3141522be52e35e52610daad94f42,Platform Support,Platform Support,Soporte de plataforma,Plattformunterstützung,Prise en charge de la plateforme,Suporte de plataforma,Wsparcie platformy,平台支援
4a1d520c4af755cfeb20f1acb3a8eb9f99d960d2,Any technical issue you might have while using the platform,Any technical issue you might have while using the platform,Cualquier problema técnico que pueda tener al usar la plataforma,Technische Probleme bei der Nutzung der Plattform,Tout problème technique que vous pourriez rencontrer lors de l'utilisation de la plateforme,Qualquer problema técnico que você possa ter ao usar a plataforma,"Wszelkie problemy techniczne, które mogą wystąpić podczas korzystania z platformy",使用平台时可能遇到的任何技术问题
8461cbd29ef3160779282ca2718d2d38bc0fc686,An Experience Manager has not been assigned for you yet,An Experience Manager has not been assigned for you yet,Aún no se le ha asignado un Experience Manager.,Ein Experience Manager wurde Ihnen noch nicht zugewiesen,Un gestionnaire d'expérience n'a pas encore été attribué pour vous,Um Experience Manager ainda não foi designado para você,Menedżer doświadczenia nie został jeszcze dla Ciebie przypisany,尚未为您分配经验管理员
ce16629cdc47e52789248cc27c58c505044ec797,Select the application to start a conversation...,Select the application to start a conversation...,Seleccione la aplicación para iniciar una conversación ...,"Wählen Sie die Anwendung aus, um ein Gespräch zu beginnen ...",Sélectionnez l'application pour démarrer une conversation ...,Selecione o aplicativo para iniciar uma conversa ...,"Wybierz aplikację, aby rozpocząć rozmowę ...",选择应用程序以开始对话...
94516fa213706c67ce5a5b5765681d7fb032033a,Loading...,Loading...,Cargando...,Wird geladen...,Chargement...,Carregando...,Ładowanie...,载入中...
9c858c9082e72a6fa5a0deb1787ea8bc18aa78a0,You do not have any applications yet,You do not have any applications yet,Aún no tienes ninguna aplicación,Sie haben noch keine Bewerbungen,Vous n'avez pas encore d'applications,Você ainda não tem aplicativos,Nie masz jeszcze żadnych aplikacji,您还没有任何应用程序
ec9eb94045a806eca74ac330ec4f9104181e7e95,Got it!,Got it!,¡Entendido!,Ich habs!,Je l'ai!,Entendi!,Rozumiem!,得到它了！
1154331e28402d925c43580d53f2b5d9ac8f0cfc,End of Global Partners. Click next to view National Partners,End of Global Partners. Click next to view National Partners,Fin de los socios globales. Haga clic en Siguiente para ver los socios nacionales,"Ende der globalen Partner. Klicken Sie auf Weiter, um die nationalen Partner anzuzeigen",Fin des partenaires mondiaux. Cliquez sur suivant pour voir les partenaires nationaux,Fim dos parceiros globais. Clique ao lado para visualizar os Parceiros Nacionais,"Koniec partnerów globalnych. Kliknij obok, aby wyświetlić partnerów krajowych",全球合作伙伴终止。单击下一步查看国家合作伙伴
9a3ffc95fb25ed5bfdd4ec3ba6a5704f009c6191,Season 2 is live!,Season 2 is live!,¡La temporada 2 es en vivo!,Staffel 2 ist live!,La saison 2 est en direct!,A segunda temporada está ao vivo!,Sezon 2 już działa!,第2季直播！
1c803529cde4e611919fe989a7ab8a9e80b97cb3,A video series about 10 volunteers across the globe,A video series about 10 volunteers across the globe,Una serie de videos sobre 10 voluntarios en todo el mundo.,Eine Videoserie über 10 Freiwillige auf der ganzen Welt,Une série de vidéos sur 10 volontaires à travers le monde,Uma série de vídeos com cerca de 10 voluntários em todo o mundo,Seria filmów o 10 wolontariuszach na całym świecie,有关全球10名志愿者的视频系列
c14e7717296e334105b4c0992ed6215eb5898277,Watch the episodes here,Watch the episodes here,Mira los episodios aquí,Sehen Sie sich die Folgen hier an,Regardez les épisodes ici,Assista os episódios aqui,Obejrzyj odcinki tutaj,在这里观看剧集
7368c0739e84b7301694133093cd9d323d334d15,What are you looking for?,What are you looking for?,¿Qué estás buscando?,Wonach suchen Sie?,Que cherchez-vous?,O que você está procurando?,Czego szukasz?,你在找什么？
28743f333654682e486ea1481840e0609c5bd42f,Spend 6 to 12 weeks volunteering abroad,Spend 6 to 12 weeks volunteering abroad,Pase 6 a 12 semanas como voluntario en el extranjero,Verbringen Sie 6 bis 12 Wochen Freiwilligenarbeit im Ausland,Passer 6 à 12 semaines de bénévolat à l'étranger,Passe 6 a 12 semanas se voluntariando no exterior,Spędź od 6 do 12 tygodni na wolontariacie za granicą,花6到12周的时间出国做志愿者
da60c95c3b1aafa44d8061d58aa03d0ce853c7ad,Gain professional experience in a startup,Gain professional experience in a startup,Adquirir experiencia profesional en una startup,Sammeln Sie Berufserfahrung in einem Startup,Acquérir une expérience professionnelle dans une startup,Ganhe experiência profissional em uma startup,Zdobądź doświadczenie zawodowe w startupie,在创业中获得专业经验
a915af9c33674a47097209177cd47a483607379d,Intern in your field and start your career,Intern in your field and start your career,Practica en tu campo y comienza tu carrera,Praktikant in Ihrem Bereich und starten Sie Ihre Karriere,Stagiaire dans votre domaine et début de carrière,Estagiário em sua área e comece sua carreira,Stażysta w swojej dziedzinie i rozpocznij karierę,在您的领域实习并开始您的职业生涯
c2ecb4aab308763438862c109a7cea9be4d8a06a,Where do you want to go?,Where do you want to go?,¿A donde quieres ir?,Wohin willst du gehen?,Où veux-tu aller?,Onde você quer ir?,Gdzie chcesz iść?,你想去哪里？
cda31dbd724cf5f4fa7a4274d9120651490c8a8c,Back,Back,atrás,Zurück,Retour,De volta,Plecy,背部
f732c304c7433e5a83ffcd862c3dce709a0f4982,Next,Next,próximo,Nächster,Prochain,Próximo,Kolejny,下一个
45ad95b7691204acba62474f48aedc621c6bd077,What do you want to do? (choose 3),What do you want to do? (choose 3),¿Qué quieres hacer? (elige 3),Was möchten Sie tun? (wähle 3),Qu'est-ce que tu veux faire? (choisissez 3),O que você quer fazer? (escolha 3),Co chcesz robić? (wybierz 3),你想让我做什么？ （选择3）
c12e93064242a12e7932d7f1433f37226c3341ab,Explore Opportunities,Explore Opportunities,Explore las oportunidades,Möglichkeiten erkunden,Explorez les opportunités,Explorar oportunidades,Odkryj możliwości,探索机会
91f3f14a5173a8fb87218e84049562a6c7d025f0,What causes are you interested in? (choose 3),What causes are you interested in? (choose 3),¿Qué causas te interesan? (elige 3),Für welche Ursachen interessieren Sie sich? (wähle 3),Quelles sont les causes qui vous intéressent? (choisissez 3),Em que causas você está interessado? (escolha 3),Jakimi przyczynami jesteś zainteresowany? (wybierz 3),您对什么原因感兴趣？ （选择3）
c6fd9372ff7bac990d7851d7734c992b15a0d36b,Searching for Opportunities,Searching for Opportunities,Buscando oportunidades,Nach Möglichkeiten suchen,Recherche d'opportunités,Procurando oportunidades,Wyszukiwanie możliwości,寻找机会
87b31c21209791cf1673bb47b17c14f908825770,[object Object],[object Object],[objeto Objeto],[Objekt Objekt],[objet Objet],[objeto Objeto],[obiekt obiekt],[对象对象]
4208e3cacb6f5d5df6f46ceabf1a23c5d217c714,Start Over,Start Over,Comenzar de nuevo,Von vorn anfangen,Recommencer,Recomeçar,Zacząć od nowa,重来
376e7cf5d8cc614e745ce58a2143a6d7158ae559,Loading ...,Loading ...,Cargando ...,Wird geladen ...,Chargement ...,Carregando ...,Ładowanie ...,载入中...
97662ffbbc646cf9be667f1aab4bd8711a7d58e9,This is the beginning of the conversation,This is the beginning of the conversation,Este es el comienzo de la conversación.,Dies ist der Beginn des Gesprächs,C'est le début de la conversation,Este é o começo da conversa,To jest początek rozmowy,这是对话的开始
4d1e4a193894ec110900dc38bd3f6d2ca875dd2e,All empty here! Send a message to start a conversation.,All empty here! Send a message to start a conversation.,¡Todo está vacío aquí! Envía un mensaje para comenzar una conversación.,"Alles leer hier! Senden Sie eine Nachricht, um ein Gespräch zu beginnen.",Tout est vide ici! Envoyez un message pour démarrer une conversation.,Tudo vazio aqui! Envie uma mensagem para iniciar uma conversa.,"Wszystko tutaj puste! Wyślij wiadomość, aby rozpocząć rozmowę.",这里都是空的！发送消息以开始对话。
b914972874cd609b3770e2c9d9eed43f9ee76c97,"Oops, we've lost connection, please try again","Oops, we've lost connection, please try again",¡Vaya! Hemos perdido la conexión. Inténtalo de nuevo.,"Hoppla, wir haben die Verbindung verloren. Bitte versuchen Sie es erneut","Oups, nous avons perdu la connexion, veuillez réessayer","Ops, perdemos a conexão. Tente novamente","Ups, utraciliśmy połączenie, spróbuj ponownie",糟糕，我们已断开连接，请重试
c6577e508b64de8397fb7190958553a1a495e52e,Loading ...,Loading ...,Cargando ...,Wird geladen ...,Chargement ...,Carregando ...,Ładowanie ...,载入中...
454a7b64803fbe2e5e2a8002a0214124eb2658f5,No new notifications!,No new notifications!,¡No hay notificaciones nuevas!,Keine neuen Benachrichtigungen!,Pas de nouvelles notifications!,Não há novas notificações!,Brak nowych powiadomień!,没有新的通知！
8444c2e339957b62697d6e98c64355fde30d7614,Let us help you select the right opportunity.,Let us help you select the right opportunity.,Permítanos ayudarlo a seleccionar la oportunidad correcta.,Wir helfen Ihnen bei der Auswahl der richtigen Gelegenheit.,Laissez-nous vous aider à sélectionner la bonne opportunité.,Vamos ajudá-lo a selecionar a oportunidade certa.,Pozwól nam pomóc wybrać właściwą okazję.,让我们帮助您选择合适的机会。
b41f92d669b5b62edbbd30edd9dae49daec12bb3,Are you considering volunteering abroad?,Are you considering volunteering abroad?,¿Estás considerando ser voluntario en el extranjero?,"Denken Sie darüber nach, sich im Ausland freiwillig zu engagieren?",Envisagez-vous de faire du bénévolat à l'étranger?,Você está pensando em ser voluntário no exterior?,Czy zastanawiasz się nad wolontariatem za granicą?,您是否正在考虑在国外志愿服务？
b52c87b1b9a4553d7a88cbd1174ec059f75020b4,Are you considering working in a corporate environment abroad?,Are you considering working in a corporate environment abroad?,¿Estás considerando trabajar en un entorno corporativo en el extranjero?,"Denken Sie darüber nach, in einem Unternehmensumfeld im Ausland zu arbeiten?",Envisagez-vous de travailler dans un environnement d'entreprise à l'étranger?,Você está pensando em trabalhar em um ambiente corporativo no exterior?,Czy rozważasz pracę w środowisku korporacyjnym za granicą?,您是否正在考虑在国外的公司环境中工作？
9d165482c75091d9513e2ffa0a2cf5e7191a8f2c,Are you considering working in a startup environment abroad?,Are you considering working in a startup environment abroad?,¿Estás considerando trabajar en un entorno de inicio en el extranjero?,"Denken Sie darüber nach, in einer Startup-Umgebung im Ausland zu arbeiten?",Envisagez-vous de travailler dans un environnement de démarrage à l'étranger?,Você está pensando em trabalhar em um ambiente de inicialização no exterior?,Czy rozważasz pracę w środowisku startupowym za granicą?,您是否正在考虑在国外的启动环境中工作？
b5a8837351cdd92bb7012a6efc7fa0c2a85f09ae,The selection process is currently        unavailable. Please check after some time.,The selection process is currently        unavailable. Please check after some time.,"El proceso de selección no está disponible actualmente. Por favor, compruebe después de un tiempo.",Der Auswahlprozess ist derzeit nicht verfügbar. Bitte überprüfen Sie nach einiger Zeit.,Le processus de sélection est actuellement indisponible. Veuillez vérifier après un certain temps.,"O processo de seleção está indisponível no momento. Por favor, verifique depois de algum tempo.",Proces selekcji jest obecnie niedostępny. Sprawdź po pewnym czasie.,选择过程当前不可用。请稍后再检查。
3bc1464580a5f0bc58b14641b28255a850043bb7,Number of Days,Number of Days,Número de días,Anzahl der Tage,Nombre de jours,Número de dias,Liczba dni,天数
041620337eaebda87971d345d05697639dfe78e4,Step,Step,Paso,Schritt,Étape,Degrau,Krok,步
193502359afc6f89d8d37537defeabbd462a64f4,Responsibilities,Responsibilities,Responsabilidades,Verantwortlichkeiten,Responsabilités,Responsabilidades,Obowiązki,职责范围
34c83315b26356af647dee4ac9f816536bb3062c,"There are no testimonials for this opportunity, yet","There are no testimonials for this opportunity, yet",Aún no hay testimonios para esta oportunidad.,Es gibt noch keine Testimonials für diese Gelegenheit,Il n'y a pas encore de témoignages pour cette opportunité,"Não há depoimentos para esta oportunidade, ainda",Nie ma jeszcze referencji na tę okazję,尚无此机会的推荐信
cdb3ee2cb14b610d4118c3657d65973a5d90208a,- Project Fee,- Project Fee,- Tarifa del proyecto,- Projektgebühr,- Frais de projet,- Taxa do Projeto,- Opłata za projekt,-项目费用
baa2c9c0aa1c79e10e205a5ef7dc5a16805781f5,The Project Fee includes:,The Project Fee includes:,La tarifa del proyecto incluye:,Die Projektgebühr beinhaltet:,Les frais du projet comprennent:,A taxa do projeto inclui:,Opłata za projekt obejmuje:,项目费用包括：
1d4c16ba54f73d1e9c47dc9ce95ba072bda095b0,Accommodation costs,Accommodation costs,Costes de alojamiento,Unterbringungskosten,Les frais d'hébergement,Custos de acomodação,Koszty zakwaterowania,住宿费用
4152811f18dd429f081cffc266c6e46359c171f1,Pick up costs,Pick up costs,Recoger costos,Kosten abholen,Frais de ramassage,Custos de retirada,Koszty odbioru,接机费用
6d7c603fde05b4e8caf486157aad211488511590,Leadership spaces,Leadership spaces,Espacios de liderazgo,Führungsräume,Espaces de leadership,Espaços de liderança,Przestrzenie przywódcze,领导空间
a0c6be8fc6cec46249fa31d1c9ee4fd72bc2a8c1,Administrative costs,Administrative costs,Costes administrativos,Administrative Kosten,Frais administratifs,Custos administrativos,Koszty administracyjne,行政费用
2df98a1c5406d982f00a3d7096caaa271cf559d7,To be paid in cash once abroad,To be paid in cash once abroad,A pagar en efectivo una vez en el extranjero,Einmal im Ausland in bar zu bezahlen,A régler en espèces une fois à l'étranger,Para ser pago em dinheiro uma vez no exterior,Do wypłaty gotówką raz za granicą,一次在国外支付现金
dd0ce3b9638c246ec42872e646f783fdc9466596,This project fee is sponsered by,This project fee is sponsored by,Esta tarifa del proyecto es patrocinada por,Diese Projektgebühr wird gesponsert von,Ces frais de projet sont parrainés par,Essa taxa do projeto é patrocinada por,Opłata za projekt jest przekazywana przez,该项目的费用由
bf78ed699ca51622222ed11fb5f59e0871b3699e,"For more information about the fee,","For more information about the fee,","Para obtener más información sobre la tarifa,",Weitere Informationen zur Gebühr finden Sie unter,"Pour plus d'informations sur les frais,","Para mais informações sobre a taxa,","Aby uzyskać więcej informacji na temat opłaty,",有关费用的更多信息，
6a819e802bdbaedddb5acb10ce41c5a86e7336d4,Login to view the fee associated with this opportunity,Login to view the fee associated with this opportunity,Inicie sesión para ver la tarifa asociada con esta oportunidad,"Melden Sie sich an, um die mit dieser Gelegenheit verbundene Gebühr anzuzeigen",Connectez-vous pour voir les frais associés à cette opportunité,Faça login para ver a taxa associada a esta oportunidade,"Zaloguj się, aby zobaczyć opłatę związaną z tą możliwością",登录以查看与此机会相关的费用
8b34875ab0c8b8149e1cb19fc2f00080be6095a5,- Required,- Required,- Requerido,- Erforderlich,- Obligatoire,- Requeridos,- Wymagany,-必填
f2e041aa16a74be84a7b561170e0de1877c34363,Personal details,Personal details,Detalles personales,Persönliche Daten,Détails personnels,Detalhes pessoais,Dane osobowe,个人资料
ddb23021acde0ce82888106f550fdcd3b8cccea8,Education,Education,Educación,Bildung,Éducation,Educação,Edukacja,教育
b7e4a206c2d9ad0f0268bb54d91aa4851eb445b9,Ongoing,Ongoing,En marcha,Laufend,En cours,Em andamento,Trwający,进行中
bb06df4e6841dc75dc50071bdcfe7f5592a92cce,Degree Title,Degree Title,Grado de titulación,Titel des Abschlusses,Titre de Degré,Título do grau,Stopień naukowy,学位标题
3ce0643d7ad7b0f15edd81f3a909ac36197d931e,Institute Name,Institute Name,nombre del Instituto,Institutsname,Nom de l'Institut,Nome do Instituto,Nazwa Instytutu,研究所名称
3466929d9b944feda401b28f5bc4181e4274f61b,What is your field of study?,What is your field of study?,¿Cual es tu campo de estudio?,Was ist Ihr Studienfach?,Quel est votre domaine d'études?,Qual é o seu campo de estudo?,Jaki jest Twój profil studiów?,你的研究领域是什么？
a43f25a9ac40e8e2441ff0be7a36b8e5d15534df,Country,Country,País,Land,Pays,País,Kraj,国家
3e6acd589d8b82cafd8546409da0a36469d297a0,Start Date,Start Date,Fecha de inicio,Anfangsdatum,Date de début,Data de início,Data rozpoczęcia,开始日期
0f551576faafbd2806d4af653469655f1b35afe1,End Date,End Date,Fecha final,Endtermin,Date de fin,Data final,Data zakonczenia,结束日期
20d9489fdbfc121f7c504271b36691515d02f632,Job Title,Job Title,Título profesional,Berufsbezeichnung,Profession,Titulo do trabalho,Stanowisko,职称
fbaed105e9bfc80665bb7e0d5caaeae41f24ea83,Organisation Name,Organisation Name,nombre de la organización,Name der Organisation,Nom de l'organisme,Nome da organização,Nazwa organizacji,机构名称
f7b541725f7e51a66db6c6e7641b3ff467e535b8,Industry,Industry,Industria,Industrie,Industrie,Indústria,Przemysł,行业
06e431908c530c93b5b25b5cc2eb13a3e430a4af,Application Questionnaire,Application Questionnaire,Cuestionario de solicitud,Bewerbungsfragebogen,Questionnaire de candidature,Questionário de Aplicação,Kwestionariusz aplikacji,申请问卷
b3b063b80b42821b35ca8d5289312b5d6366ea22,Keep in mind that the organisation will be shortlisting you based on your answers.,Keep in mind that the organisation will be shortlisting you based on your answers.,Tenga en cuenta que la organización lo seleccionará en función de sus respuestas.,"Denken Sie daran, dass die Organisation Sie anhand Ihrer Antworten in die engere Wahl zieht.",Gardez à l'esprit que l'organisation vous présélectionnera en fonction de vos réponses.,Lembre-se de que a organização o selecionará com base em suas respostas.,"Pamiętaj, że organizacja będzie cię na krótkiej liście na podstawie twoich odpowiedzi.",请记住，该组织将根据您的答案将您列入候选名单。
20bfb927a41594dfb6b29588ba17981f10eec9f8,Upload File,Upload File,Subir archivo,Datei hochladen,Téléverser un fichier,Subir arquivo,Przesyłanie pliku,上传文件
faf4f5f1ae625b4d1033e27a059456fd13d2c1d4,Select Recent,Select Recent,Seleccionar reciente,Wählen Sie Zuletzt verwendet,Sélectionnez Récent,Selecione Recente,Wybierz Ostatnie,选择最近
c8ac022dae267e926db44cb2a8481e1927af5f74,Project,Project,Proyecto,Projekt,Projet,Projeto,Projekt,项目
c36a66f2107e8da5371ebc9d15c2008dff567f46,Role,Role,Papel,Rolle,Rôle,Função,Rola,角色
38da4b5487b497eba12b986a9007d8d8a62cd311,Slots,Slots,Tragamonedas,Schlüssel,Machines à sous,Slots,Automaty,插槽
b057486cfec9a40fa4bd409508a0df876f2a9189,Eligibility,Eligibility,Elegibilidad,Teilnahmeberechtigung,Admissibilité,Elegibilidade,Kwalifikowalność,合格
15da40d583913edfae7848eefbb35d5d14d456d5,Logistics,Logistics,Logística,Logistik,Logistique,Logística,Logistyka,后勤
7c260a18a0c65bfb138da071a4d8d091ad7837ba,Visa,Visa,espectáculo,Show,spectacle,espetáculo,pokaz,节目
d49bde1d32c842fec80a04300a10454542104e70,Reviews,Reviews,Comentarios,Bewertungen,Commentaires,Avaliações,Opinie,评论
55ad0e22c9804fd2e3793b38069381251f720000,Pick the slot most suitable for you,Pick the slot most suitable for you,Elige la ranura más adecuada para ti,Wählen Sie den für Sie am besten geeigneten Steckplatz,Choisissez l'emplacement qui vous convient le mieux,Escolha o slot mais adequado para você,Wybierz najbardziej odpowiedni dla siebie automat,选择最适合您的插槽
87e1317a912cebc52d76d5c0f613893eb49d1582,What you’ll be provided with for the duration of your stay.,What you’ll be provided with for the duration of your stay.,Lo que se le proporcionará durante la duración de su estadía.,Was Sie für die Dauer Ihres Aufenthalts erhalten.,Ce qui vous sera fourni pour la durée de votre séjour.,O que você receberá durante a sua estadia.,Co otrzymasz na czas pobytu.,在您住宿期间将为您提供的服务。
11fdf5f9be1e5cce351773ec55ebf9b20b1a5406,What you’ll need if you get selected for this job.,What you’ll need if you get selected for this job.,Lo que necesitará si lo seleccionan para este trabajo.,"Was Sie brauchen, wenn Sie für diesen Job ausgewählt werden.",Ce dont vous aurez besoin si vous êtes sélectionné pour ce poste.,O que você precisará se for selecionado para este trabalho.,"Czego potrzebujesz, jeśli zostaniesz wybrany do tego zadania.",如果被选为这份工作将需要什么。
a5d65d5df2df1ae1b1ef57e3a7d13b9f6222f3f4,Benefits of becoming a volunteer,Benefits of becoming a volunteer,Beneficios de ser voluntario,"Vorteile, Freiwilliger zu werden",Avantages de devenir bénévole,Benefícios de se tornar um voluntário,Korzyści z zostania wolontariuszem,成为志愿者的好处
cfd90cdb1797fb01d8a57ace955a009f15548bb2,The fee for candidates from,The fee for candidates from,La tarifa para candidatos de,Die Gebühr für Kandidaten aus,Les frais pour les candidats de,A taxa para candidatos de,Opłata dla kandydatów z,候选人的费用从
2359969d15da74af7ee13c5e83a343811f77dcd2,Fees details,Fees details,Detalles de tarifas,Gebühren Details,Détails des frais,Detalhes das taxas,Szczegóły opłat,费用明细
37717b6dd593a8b3c3c4a367c89f3947bdaefd44,This is the break-up of the fees for candidates from,This is the break-up of the fees for candidates from,Este es el desglose de las tarifas para los candidatos de,Dies ist die Aufteilung der Gebühren für Kandidaten aus,Il s'agit de la répartition des frais pour les candidats de,Este é o desmembramento das taxas para candidatos de,To jest podział opłat dla kandydatów z,这是来自
55449a2c180a2fdc4667a883ba5dad8b6b058c30,Exchange fee,Exchange fee,Tasa de cambio,Umtauschgebühr,Frais d'échange,Taxa de câmbio,Opłata za wymianę,交换费
ac145733630f7ba20692df65e577b8a2195b46c9,You’ll need to pay this once you’ve been selected.,You’ll need to pay this once you’ve been selected.,Tendrá que pagar esto una vez que haya sido seleccionado.,"Sie müssen dies bezahlen, sobald Sie ausgewählt wurden.",Vous devrez payer cela une fois que vous aurez été sélectionné.,Você precisará pagar isso depois de ter sido selecionado.,Po wybraniu musisz zapłacić.,选择之后，您需要支付此费用。
2c64e5b1cb995a13434008f3727c75fdc319343b,Program fee,Program fee,Tarifa del programa,Programmgebühr,Frais de programme,Taxa do programa,Opłata za program,课程费用
ed2013cc2bb42e6b6c752684a90227bdcc42b99a,You’ll need to pay this once your opportunity begins. This includes all logistic and administrative                costs.,You’ll need to pay this once your opportunity begins. This includes all logistic and administrative                costs.,Tendrá que pagar esto una vez que comience su oportunidad. Esto incluye todos los costos logísticos y administrativos.,"Sie müssen dies bezahlen, sobald Ihre Gelegenheit beginnt. Dies beinhaltet alle Logistik- und Verwaltungskosten.",Vous devrez payer cela une fois que votre opportunité commencera. Cela comprend tous les frais logistiques et administratifs.,Você precisará pagar isso assim que a oportunidade começar. Isso inclui todos os custos logísticos e administrativos.,"Musisz zapłacić to, gdy zacznie się okazja. Obejmuje to wszystkie koszty logistyczne i administracyjne.",机会开始后，您需要支付此费用。这包括所有后勤和管理费用。
735b990f516c778d9e48c314cedfc7e2b5cbbdf8,Total fee,Total fee,Costo total,Gesamtgebühr,Montant total,Taxa total,Całkowita opłata,总费用
ec0905e96b0cfc34615a5d62f874f8c37b59b90b,Learn more about how an exchange opportunity is priced,Learn more about how an exchange opportunity is priced,Obtenga más información sobre cómo se valora una oportunidad de intercambio,Erfahren Sie mehr über den Preis einer Austauschmöglichkeit,En savoir plus sur le prix d'une opportunité d'échange,Saiba mais sobre o preço de uma oportunidade de troca,"Dowiedz się więcej o tym, jak wyceniana jest okazja wymiany",了解有关如何为交换机会定价的更多信息
b8cf5e374d1424c2c057807406976f85c694bf67,Learn about the selection process,Learn about the selection process,Aprende sobre el proceso de selección,Erfahren Sie mehr über den Auswahlprozess,En savoir plus sur le processus de sélection,Conheça o processo de seleção,Dowiedz się o procesie selekcji,了解选择过程
ff7fd3875d043c6c706982bece9581c66ff2c62c,"The Sustainable Development Goals (SDGs) are a collection of 17 global goals designed to be a ""blueprint to achieve a better        and more sustainable future for all.""        set in 2015 by the United Nations General Assembly are intended to be achieved by the year 2030.","The Sustainable Development Goals (SDGs) are a collection of 17 global goals designed to be a ""blueprint to achieve a better        and more sustainable future for all.""        set in 2015 by the United Nations General Assembly are intended to be achieved by the year 2030.","Los Objetivos de Desarrollo Sostenible (ODS) son una colección de 17 objetivos globales diseñados para ser un ""plan para lograr un futuro mejor y más sostenible para todos"". establecido en 2015 por la Asamblea General de las Naciones Unidas está previsto que se logre para el año 2030.","Die Ziele für nachhaltige Entwicklung (Sustainable Development Goals, SDGs) sind eine Sammlung von 17 globalen Zielen, die als ""Blaupause für eine bessere und nachhaltigere Zukunft für alle"" dienen sollen. Die von der Generalversammlung der Vereinten Nationen im Jahr 2015 festgelegten Ziele sollen bis zum Jahr 2030 erreicht sein.",Les objectifs de développement durable (ODD) sont un ensemble de 17 objectifs mondiaux conçus pour être un «plan directeur pour un avenir meilleur et plus durable pour tous». fixés en 2015 par l'Assemblée générale des Nations Unies devraient être atteints d'ici 2030.,"Os Objetivos de Desenvolvimento Sustentável (ODS) são uma coleção de 17 objetivos globais projetados para serem um ""plano para alcançar um futuro melhor e mais sustentável para todos"". estabelecidos em 2015 pela Assembléia Geral das Nações Unidas devem ser alcançados até 2030.",Cele Zrównoważonego Rozwoju (SDG) to zbiór 17 globalnych celów zaprojektowanych jako „plan osiągnięcia lepszej i bardziej zrównoważonej przyszłości dla wszystkich”. ustalone w 2015 r. przez Zgromadzenie Ogólne Narodów Zjednoczonych mają zostać osiągnięte do 2030 r.,可持续发展目标（SDG）是17个全球目标的集合，旨在成为“为所有人实现更好，更可持续的未来的蓝图”。联合国大会在2015年设定的目标是到2030年实现。
a9d21da083306b01eadd683b9c656e15973f6b56,Working hours,Working hours,Horas Laborales,Arbeitszeit,Heures d'ouverture,Jornada de trabalho,Godziny pracy,工作时间
cd079ebaa0c8bccda59a9f2086aecb4e59b272be,You have 2 out of 2 required backgrounds,You have 2 out of 2 required backgrounds,Tienes 2 de los 2 fondos necesarios,Sie haben 2 von 2 erforderlichen Hintergründen,Vous avez 2 arrière-plans requis sur 2,Você tem 2 dos 2 fundos necessários,Masz 2 z 2 wymaganych środowisk,您有2个必填背景中的2个
2ccb59f416b9d20487b3d694be4ba25a57693493,You will require health insurance for the duration of the opportunity.,You will require health insurance for the duration of the opportunity.,Necesitará un seguro de salud mientras dure la oportunidad.,Sie benötigen für die Dauer der Gelegenheit eine Krankenversicherung.,Vous aurez besoin d'une assurance maladie pour la durée de l'opportunité.,Você precisará de seguro de saúde durante a oportunidade.,Będziesz wymagać ubezpieczenia zdrowotnego na czas trwania okazji.,在此机会期间，您将需要健康保险。
ceebb65c588af19e873f799737f3b66591e44d4e,Estimated process time,Estimated process time,Tiempo estimado de proceso,Geschätzte Prozesszeit,Temps de traitement estimé,Tempo estimado do processo,Szacowany czas procesu,预计处理时间
7f8b8c737b65602ebcd68695d53354710f0f5d28,Be the first to apply!,Be the first to apply!,¡Se el primero en aplicar!,Bewerben Sie sich als Erster!,Soyez le premier à appliquer!,Seja o primeiro a aplicar!,Złóż wniosek jako pierwszy!,成为第一个申请！
525da744d593c9de6da274fa081dafe714dee5d6,View all details,View all details,Ver todos los detalles,Alle Details anzeigen,Afficher tous les détails,Ver todos os detalhes,Wyświetl wszystkie szczegóły,查看所有细节
650a893f7bd0822d40da532cae47d0f549d47432,Contribute towards,Contribute towards,Contribuir hacia,Dazu beitragen,Contribuer à,Contribuir para,Przyczynić się do,贡献于
b8a961f78f542ee07bb87623c47439d81e8f50b1,Main Activities,Main Activities,Actividades principales,Hauptaktivitäten,Activités principales,Atividades principais,Główne działania,主要活动
4743793372ff4910d653cd5c4d5ed1f285d34856,Change image,Change image,Cambiar imagen,Bild ändern,Changer l'image,Alterar imagem,Zmień obraz,变更图片
398d140e222021949666b1a97b8baddc7ff146b4,Upload Profile Picture,Upload Profile Picture,Subir foto de perfil,Profilbild hochladen,Télécharger une photo de profil,Carregar imagem do perfil,Prześlij zdjęcie profilowe,上传个人资料图片
fc4d9d323777f7b44cb815b26b47cf0c29832c7f,Please note that by uploading a profile photo you agree to it being displayed in different parts of AIESEC’s platforms and may be visible to other users due to GDPR.,Please note that by uploading a profile photo you agree to it being displayed in different parts of AIESEC’s platforms and may be visible to other users due to GDPR.,"Tenga en cuenta que al cargar una foto de perfil, acepta que se muestre en diferentes partes de las plataformas de AIESEC y puede ser visible para otros usuarios debido al RGPD.","Bitte beachten Sie, dass Sie durch das Hochladen eines Profilfotos damit einverstanden sind, dass es auf verschiedenen Teilen der AIESEC-Plattformen angezeigt wird und aufgrund der DSGVO möglicherweise für andere Benutzer sichtbar ist.","Veuillez noter qu'en téléchargeant une photo de profil, vous acceptez qu'elle soit affichée dans différentes parties des plates-formes d'AIESEC et peut être visible pour les autres utilisateurs en raison du RGPD.","Observe que, ao fazer o upload de uma foto de perfil, você concorda em ser exibida em diferentes partes das plataformas da AIESEC e pode estar visível para outros usuários devido ao GDPR.","Pamiętaj, że przesyłając zdjęcie profilowe, wyrażasz zgodę na wyświetlanie go w różnych częściach platform AIESEC i może być widoczny dla innych użytkowników z powodu RODO.",请注意，上传个人资料照片即表示您同意该照片在AIESEC平台的不同部分中显示，并且由于GDPR的影响，其他用户也可以看到。
e5ab8e81a9fec93cdb982d6bc7c206c0651c2094,Congrats on completing the EF english proficiency test. Your results are displayed below.,Congrats on completing the EF english proficiency test. Your results are displayed below.,Felicidades por completar el examen de inglés EF. Sus resultados se muestran a continuación.,Herzlichen Glückwunsch zum Abschluss des EF-Englisch-Eignungstests. Ihre Ergebnisse werden unten angezeigt.,Félicitations pour avoir terminé le test de compétence en anglais EF. Vos résultats sont affichés ci-dessous.,Parabéns por concluir o teste de proficiência em inglês da EF. Seus resultados são exibidos abaixo.,Gratulujemy ukończenia testu biegłości w języku angielskim EF. Twoje wyniki są wyświetlane poniżej.,祝贺您完成了EF英语水平测试。您的结果显示在下面。
62ab0c2bf8d16ce7baf2c8b1da2c561d99522256,Favourites,Favourites,Favoritos,Favoriten,Favoris,Favoritos,Ulubione,收藏夹
565cef275b8858d7a64e0a522c331e62eec5d495,Upload Profile picture,Upload Profile picture,Subir foto de perfil,Profilbild hochladen,Télécharger une photo de profil,Carregar imagem do perfil,Prześlij zdjęcie profilowe,上传个人资料图片
4da0b65404c02c1e00d3bfd741a9984281a29a5c,Upload,Upload,Subir,Hochladen,Télécharger,Envio,Przekazać plik,上载
f384e03c86eea481be4697ecde3b48fdca0a13d0,Preferences,Preferences,Preferencias,Einstellungen,Préférences,Preferências,Preferencje,偏好
a7af8896aa1314fa06dc433354e55a6c7d6ebf94,Preferred program,Preferred program,Programa preferido,Bevorzugtes Programm,Programme préféré,Programa preferido,Preferowany program,首选程序
f4448e317685bc95c83e65f0f264e2e08ff87fcf,Select the program best suited for you.,Select the program best suited for you.,Seleccione el programa más adecuado para usted.,Wählen Sie das für Sie am besten geeignete Programm.,Sélectionnez le programme qui vous convient le mieux.,Selecione o programa mais adequado para você.,"Wybierz program, który najbardziej Ci odpowiada.",选择最适合您的程序。
4b3972c3e9485218508a95f7a4ce7758e3f09ced,Upload,Upload,Subir,Hochladen,Télécharger,Envio,Przekazać plik,上载
121cc5391cd2a5115bc2b3160379ee5b36cd7716,Settings,Settings,Configuraciones,die Einstellungen,Réglages,Definições,Ustawienia,设定值
fe46ccaae902ce974e2441abe752399288298619,Language,Language,Idioma,Sprache,Langue,Língua,Język,语言
3ee5256346a70d6473ab770836d20565bcb9118b,Select the language you use on aiesec.org,Select the language you use on aiesec.org,Seleccione el idioma que usa en aiesec.org,"Wählen Sie die Sprache aus, die Sie auf aiesec.org verwenden",Sélectionnez la langue que vous utilisez sur aiesec.org,Selecione o idioma que você usa no aiesec.org,"Wybierz język, którego używasz na aiesec.org",选择您在aiesec.org上使用的语言
8bcabdf6b16cad0313a86c7e940c5e3ad7f9f8ab,Notifications,Notifications,Notificaciones,Benachrichtigungen,Notifications,Notificações,Powiadomienia,通知事项
e46ccd1f765424d8b58a02f274e304603a35cb6c,I would like to receive notifications about:,I would like to receive notifications about:,Me gustaría recibir notificaciones sobre:,Ich möchte Benachrichtigungen erhalten über:,Je souhaite recevoir des notifications sur:,Gostaria de receber notificações sobre:,Chcę otrzymywać powiadomienia o:,我想收到有关以下内容的通知：
f33f14958f5494de575c492db2a381ba71656e6c,Mail,Mail,Correo,Mail,Courrier,Enviar,Poczta,邮件
4da0450345362c5af1d6d10793aa0d3c9b7d3c0a,Push,Push,empujar,drücken,Pousser,Empurrar,Pchać,推
dc7a3bffdd0422d798f983ed1cced37511f3db94,Application Status updates,Application Status updates,Actualizaciones de estado de la aplicación,Aktualisierungen des Anwendungsstatus,Mises à jour de l'état de l'application,Atualizações de status do aplicativo,Aktualizacje statusu aplikacji,应用状态更新
841f846d661aa218d9ac55210d4f7f83c954c2d6,We will keep you informed about the steps in your process,We will keep you informed about the steps in your process,Le mantendremos informado sobre los pasos en su proceso.,Wir werden Sie über die Schritte in Ihrem Prozess auf dem Laufenden halten,Nous vous tiendrons informés des étapes de votre processus,Manteremos você informado sobre as etapas do seu processo,Będziemy Cię informować o krokach w procesie,我们将随时向您通报您的流程步骤
dc09c31f63630f7f4d47eee5c72c1dbc1e1e10b9,Rejected applications,Rejected applications,Aplicaciones rechazadas,Abgelehnte Bewerbungen,Demandes rejetées,Aplicativos rejeitados,Odrzucone aplikacje,被拒绝的申请
b6bb5aec1f427b1bae314315b62b8b60fbcaba75,We will let you know if any of your applications are rejected,We will let you know if any of your applications are rejected,Le informaremos si alguna de sus solicitudes es rechazada.,"Wir werden Sie informieren, wenn einer Ihrer Anträge abgelehnt wird",Nous vous informerons si l'une de vos demandes est rejetée,Avisaremos se algum dos seus pedidos for rejeitado,"Powiadomimy Cię, jeśli którekolwiek z Twoich wniosków zostanie odrzucone",如果您的任何申请被拒绝，我们将通知您
21630c169bd7f64a2bd592bad15cb8416b52a174,New Opportunities,New Opportunities,Nuevas oportunidades,Neue Möglichkeiten,Nouvelles opportunités,Novas oportunidades,Nowe szanse,新的机会
2b41e3d6f5910e0c716b96d5a761c99c80616793,We will notify you of any new opportunities that suit you,We will notify you of any new opportunities that suit you,Le notificaremos sobre cualquier nueva oportunidad que le convenga.,"Wir werden Sie über neue Möglichkeiten informieren, die zu Ihnen passen",Nous vous informerons de toutes nouvelles opportunités qui vous conviennent,Notificaremos você sobre novas oportunidades adequadas a você,"Powiadomimy Cię o wszelkich nowych możliwościach, które Ci odpowiadają",我们会通知您任何适合您的新机会
a901059a45c973eefb6bf07c930ccecb3df7521d,Send me updates,Send me updates,Envíame actualizaciones,Senden Sie mir Updates,Envoyez-moi des mises à jour,Envie-me atualizações,Wyślij mi aktualizacje,向我发送更新
29881a45dafbe5aa05cd9d0441a4c0c2fb06df92,Account,Account,Cuenta,Konto,Compte,Conta,Konto,帐户
d8a8a7f7160939fb55e82bc01fe9f876f5f2e065,Delete my account,Delete my account,Borrar mi cuenta,Lösche mein Konto,Supprimer mon compte,Deletar minha conta,Usuń moje konto,删除我的账户
3124df7ac5147938d9501329cd9101d012b133af,Start Date,Start Date,Fecha de inicio,Anfangsdatum,Date de début,Data de início,Data rozpoczęcia,开始日期
98b9099868c56a8f75eedb3f9001f115872e83e0,Sort,Sort,Ordenar,Sortieren,Trier,Ordenar,Sortować,分类
5ca707824ab93066c7d9b44e1b8bf216725c2c22,Filter,Filter,Filtrar,Filter,Filtre,Filtro,Filtr,过滤
a9d805cecaee920384d385b8920379b7c304f22d,Filter by,Filter by,Filtrado por,Filtern nach,Filtrer par,Filtrar por,Filtruj według,过滤
afd2e63cc5c3c9b477e48b089ddf94cefe069be3,Program,Program,Programa,Programm,Programme,Programa,Program,程序
7c92fe74812bc380cbbecc24d062e7ff73bf6c37,Location,Location,Ubicación,Standort,Emplacement,Localização,Lokalizacja,位置
99671fd2b9fcd45ebefcf44857fe13f4ed43f979,Languages,Languages,Idiomas,Sprachen,Les langues,línguas,Języki,语言能力
8dbae7de00e7015b86c62750fda08bfd3ffe8d75,Skills,Skills,Habilidades,Kompetenzen,Compétences,Habilidades,Umiejętności,技能专长
4d6750a7711f5904e2c0396f89801a103cf853cc,Backgrounds,Backgrounds,Antecedentes,Hintergründe,Arrière-plans,Planos de fundo,Tła,背景资料
ad6166366223e286ec9336ccfa16c95724da2c93,Field of Work,Field of Work,Campo de trabajo,Arbeitsgebiet,Champ de travail,Campo de trabalho,Pole pracy,工作领域
c20a3c3e69240c529411dc98843dbe39546cafb9,Duration,Duration,Duración,Dauer,Durée,Duração,Trwanie,持续时间
d54b6c20b500c9a1627f0c08d28cd04ec52c27df,Study Levels,Study Levels,Niveles de estudio,Studienlevel,Niveaux d'étude,Níveis de estudo,Poziomy studiów,学习水平
ca72d574353a355b8fadbc1ceda174a0bd1bf7cd,Reset,Reset,Reiniciar,Zurücksetzen,Réinitialiser,Redefinir,Resetowanie,重启
65ee68d6773a85e7442208c42aa6ac9405a69a06,Food,Food,Comida,Essen,Aliments,Comida,jedzenie,餐饮
9c2944a75a4ca03f17820aca99d25d0438c2a417,Provided,Provided,Previsto,Unter der Voraussetzung,À condition de,Forneceu,Opatrzony,提供
74110492007c6c5ee4ea300806e7f1cc333f8eb1,Not Provided,Not Provided,No provisto,Nicht vorgesehen,Non fourni,Não fornecido,Niedostarczone,不提供
fb071da58bda3bf1902379e3645909caeefd6e71,Accommodation,Accommodation,Alojamiento,Unterkunft,Hébergement,Alojamento,Nocleg,住所
f5c9c0d722ccd16b9e8c9ce36e3d9af6c9e16999,Sponsored,Sponsored,Patrocinado,Gesponsert,Sponsorisé,Patrocinadas,Sponsorowane,赞助商
fca815e7850fa54fda810dce7bcefe97dd655238,Not Sponsored,Not Sponsored,No patrocinado,Nicht gesponsert,Non parrainé,Não Patrocinado,Nie sponsorowany,不赞助
80f541f6c53dcb5110ad7e7120f2757ad48b2f8a,Select the skills you have,Select the skills you have,Selecciona las habilidades que tienes,"Wählen Sie die Fähigkeiten aus, die Sie haben",Sélectionnez les compétences que vous possédez,Selecione as habilidades que você tem,Wybierz posiadane umiejętności,选择您拥有的技能
3ee5b6579dcfd441fd08bce5b8db76cd5617d059,Global Projects,Global Projects,Proyectos globales,Globale Projekte,Projets mondiaux,Projetos Globais,Projekty globalne,全球项目
119ef40e2918317a29845ecda30d3108db89a146,Select the languages you have,Select the languages you have,Selecciona los idiomas que tienes,"Wählen Sie die Sprachen aus, die Sie haben",Sélectionnez les langues que vous avez,Selecione os idiomas que você possui,Wybierz posiadane języki,选择您使用的语言
fb3643b76148c9fdd3c5d2a2ad60f827232170d4,Select the study levels you have,Select the study levels you have,Selecciona los niveles de estudio que tienes,"Wählen Sie die Lernstufen aus, die Sie haben",Sélectionnez les niveaux d'études que vous avez,Selecione os níveis de estudo que você possui,Wybierz posiadane poziomy studiów,选择您的学习水平
99ee4faa69cd2ea8e3678c1f557c0ff1f05aae46,Clear,Clear,Claro,klar,Clair,Claro,Jasny,明确
adc7f4868f105eff1da8dd656b6dc6fb63a53c89,Browser not supported,Browser not supported,Navegador no compatible,Browser wird nicht unterstützt,Navigateur non pris en charge,Navegador não suportado,Przeglądarka nie jest obsługiwana,不支援浏览器
8a10730c37df8aa0058f97dd212ea24eb20fb99c,"YouthSpeak Survey, run by AIESEC, is a global insight survey aiming to bring the collective voice of youth to different stakeholders that make decisions affecting young people.","YouthSpeak Survey, run by AIESEC, is a global insight survey aiming to bring the collective voice of youth to different stakeholders that make decisions affecting young people.","La Encuesta YouthSpeak, realizada por AIESEC, es una encuesta global que tiene como objetivo acercar la voz colectiva de los jóvenes a los diferentes interesados que toman decisiones que afectan a los jóvenes.","Die von AIESEC durchgeführte YouthSpeak-Umfrage ist eine globale Insight-Umfrage, die darauf abzielt, verschiedenen Interessengruppen, die Entscheidungen treffen, die junge Menschen betreffen, die kollektive Stimme der Jugend zu vermitteln.","L'enquête YouthSpeak, dirigée par l'AIESEC, est une enquête globale visant à faire entendre la voix collective des jeunes auprès des différentes parties prenantes qui prennent des décisions affectant les jeunes.","A Pesquisa YouthSpeak, conduzida pela AIESEC, é uma pesquisa de percepção global que visa levar a voz coletiva da juventude a diferentes partes interessadas que tomam decisões que afetam os jovens.","YouthSpeak Survey, prowadzone przez AIESEC, to globalna ankieta, której celem jest przybliżenie zbiorowego głosu młodzieży różnym interesariuszom, którzy podejmują decyzje mające wpływ na młodych ludzi.",由AIESEC开展的“青年口语调查”是一项全球性洞察力调查，旨在将青年的集体声音带给做出影响年轻人的决策的不同利益相关者。
8f113e0c2400a0890ac82cdffd265a75e765f556,"YouthSpeak Survey was launched in 2016. We managed to collect over 185,000+ responses from youth in 197 countries and territories.","YouthSpeak Survey was launched in 2016. We managed to collect over 185,000+ responses from youth in 197 countries and territories.","La Encuesta YouthSpeak se lanzó en 2016. Logramos recolectar más de 185,000 respuestas de jóvenes en 197 países y territorios.","Die YouthSpeak-Umfrage wurde 2016 gestartet. Es ist uns gelungen, mehr als 185.000 Antworten von Jugendlichen in 197 Ländern und Gebieten zu sammeln.",L'enquête YouthSpeak a été lancée en 2016. Nous avons réussi à recueillir plus de 185 000 réponses auprès de jeunes dans 197 pays et territoires.,A Pesquisa YouthSpeak foi lançada em 2016. Conseguimos coletar mais de 185.000 respostas de jovens em 197 países e territórios.,YouthSpeak Survey uruchomiono w 2016 r. Udało nam się zebrać ponad 185 000 odpowiedzi od młodzieży w 197 krajach i terytoriach.,"YouthSpeak调查于2016年启动。我们成功收集了来自197个国家和地区的185,000多个年轻人的反馈。"
13ea94585ee04f4609ed6d4f1d3a8fd8b7b034c5,"This year we are launching the YouthSpeak Survey 2019. This years survey gives young people a space to voice their opinions on key challenges, hopes, and ambitions, so the world we all want to see in 2030 can be co-created together with youth.","This year we are launching the YouthSpeak Survey 2019. This years survey gives young people a space to voice their opinions on key challenges, hopes, and ambitions, so the world we all want to see in 2030 can be co-created together with youth.","Este año estamos lanzando la Encuesta YouthSpeak 2019. La encuesta de este año brinda a los jóvenes un espacio para expresar sus opiniones sobre los desafíos, esperanzas y ambiciones clave, para que el mundo que todos queremos ver en 2030 pueda ser creado conjuntamente con los jóvenes.","In diesem Jahr starten wir die YouthSpeak-Umfrage 2019. Die diesjährige Umfrage bietet jungen Menschen die Möglichkeit, ihre Meinung zu den wichtigsten Herausforderungen, Hoffnungen und Ambitionen zu äußern, damit die Welt, die wir alle im Jahr 2030 sehen möchten, gemeinsam mit der Jugend geschaffen werden kann.","Cette année, nous lançons l'enquête YouthSpeak 2019. L'enquête de cette année donne aux jeunes un espace pour exprimer leurs opinions sur les principaux défis, espoirs et ambitions, afin que le monde que nous voulons tous voir en 2030 puisse être co-créé avec les jeunes.","Este ano, lançamos a Pesquisa YouthSpeak 2019. A pesquisa deste ano oferece aos jovens um espaço para expressar suas opiniões sobre os principais desafios, esperanças e ambições, para que o mundo que todos queremos ver em 2030 possa ser co-criado em conjunto com a juventude.","W tym roku rozpoczynamy ankietę YouthSpeak Survey 2019. Tegoroczna ankieta daje młodym ludziom przestrzeń do wyrażania swoich opinii na temat kluczowych wyzwań, nadziei i ambicji, dzięki czemu świat, który wszyscy chcemy zobaczyć w 2030 r., Można wspólnie stworzyć z młodzieżą.",今年，我们将启动“ 2019年青年讲话调查”。这一年的调查为年轻人提供了发表意见，表达他们对关键挑战，希望和抱负的意见的空间，因此我们希望与青年一起共同创造2030年的世界。
eada01e91365a7fe2e3ebbd31c1c8200957fcd73,YouthSpeak Forum powered by AIESEC is an event that empowers young people to understand how they can contribute to the SDGs through short and powerful talks and sparks interest in self-development through skills-building workshops.,YouthSpeak Forum powered by AIESEC is an event that empowers young people to understand how they can contribute to the SDGs through short and powerful talks and sparks interest in self-development through skills-building workshops.,"YouthSpeak Forum, impulsado por AIESEC, es un evento que capacita a los jóvenes para que comprendan cómo pueden contribuir a los ODS a través de charlas breves y poderosas y despierta interés en el autodesarrollo a través de talleres de desarrollo de habilidades.","Das von AIESEC betriebene YouthSpeak Forum ist eine Veranstaltung, die jungen Menschen vermittelt, wie sie durch kurze und kraftvolle Gespräche zu den SDGs beitragen können, und das Interesse an Selbstentwicklung durch Workshops zum Aufbau von Fähigkeiten weckt.",Le Forum YouthSpeak alimenté par AIESEC est un événement qui permet aux jeunes de comprendre comment ils peuvent contribuer aux ODD à travers des discussions courtes et puissantes et suscite l'intérêt pour l'auto-développement à travers des ateliers de renforcement des compétences.,O Fórum YouthSpeak da AIESEC é um evento que capacita os jovens a entender como eles podem contribuir para os ODS por meio de palestras curtas e poderosas e desperta interesse no autodesenvolvimento por meio de oficinas de capacitação.,"Forum YouthSpeak organizowane przez AIESEC to wydarzenie, które umożliwia młodym ludziom zrozumienie, w jaki sposób mogą przyczynić się do realizacji celów zrównoważonego rozwoju poprzez krótkie i mocne rozmowy oraz wzbudzają zainteresowanie rozwojem osobistym poprzez warsztaty budowania umiejętności.",由AIESEC支持的YouthSpeak论坛是一项活动，旨在使年轻人了解他们如何通过简短而有力的演讲为可持续发展目标做出贡献，并通过技能培训研讨会激发人们对自我发展的兴趣。
9b58cfe925d45fe99029142f88560be3de9511d9,Participate at YouthSpeak Forum in your city or university.,Participate at YouthSpeak Forum in your city or university.,Participe en el Foro YouthSpeak en su ciudad o universidad.,Nehmen Sie am YouthSpeak Forum in Ihrer Stadt oder Universität teil.,Participez au Forum YouthSpeak dans votre ville ou université.,Participe do Fórum YouthSpeak em sua cidade ou universidade.,Weź udział w Forum YouthSpeak w swoim mieście lub na uniwersytecie.,参加您所在城市或大学的YouthSpeak论坛。
edfb22f5b7fe92310ee6bef902aa3ea50949102f,"Participate in various power talks and workshops, learn about pressing global and local issues. Engage with fellow attendees and identify potential solutions together.","Participate in various power talks and workshops, learn about pressing global and local issues. Engage with fellow attendees and identify potential solutions together.","Participe en varias charlas y talleres de poder, aprenda sobre problemas locales y globales apremiantes. Comprometerse con otros asistentes e identificar posibles soluciones juntos.",Nehmen Sie an verschiedenen Machtgesprächen und Workshops teil und lernen Sie drängende globale und lokale Themen kennen. Arbeiten Sie mit anderen Teilnehmern zusammen und identifizieren Sie gemeinsam mögliche Lösungen.,"Participez à divers entretiens et ateliers sur le pouvoir, découvrez les problèmes mondiaux et locaux urgents. Interagissez avec les autres participants et identifiez ensemble des solutions potentielles.","Participe de várias palestras e workshops sobre poder, aprenda sobre questões locais e globais urgentes. Interaja com outros participantes e identifique possíveis soluções juntos.","Weź udział w różnych rozmowach o władzy i warsztatach, dowiedz się o palących problemach globalnych i lokalnych. Współdziałaj z innymi uczestnikami i wspólnie identyfikuj potencjalne rozwiązania.",参加各种权力讲座和讲习班，了解紧迫的全球和地方问题。与其他与会者互动，共同确定潜在的解决方案。
c5218030cefa1dd12750b328dc8154d749ea05d5,My Applications,My Applications,mis aplicaciónes,meine Anwendungen,mes applications,As minhas aplicações,moje aplikacje,我的申请
deb69e678a810bdecbeb31c525f21d42d1af0794,You haven’t applied for any opportunities yet.,You haven’t applied for any opportunities yet.,Todavía no has solicitado ninguna oportunidad.,Sie haben sich noch nicht beworben.,Vous n'avez encore postulé pour aucune opportunité.,Você ainda não se inscreveu em nenhuma oportunidade.,Nie złożyłeś jeszcze żadnych wniosków.,您尚未申请任何机会。
f75d533eaae44eccf1b2603a25646c11b4853110,Start looking for an opportunity,Start looking for an opportunity,Comienza a buscar una oportunidad,Suchen Sie nach einer Gelegenheit,Commencez à chercher une opportunité,Comece a procurar uma oportunidade,Zacznij szukać okazji,开始寻找机会
7e892ba15f2c6c17e83510e273b3e10fc32ea016,Search,Search,Buscar,Suche,Chercher,Procurar,Szukaj,搜索
aad343b5e21ba65598a48a0bf514f4cb36a0036f,Est. process time is,Est. process time is,Est. el tiempo de proceso es,Europäische Sommerzeit. Prozesszeit ist,Est. le temps de traitement est,Husa. o tempo do processo é,Szac. czas procesu wynosi,美东时间。处理时间是
721c5049f844116adbebd35d077c25b851549ba1,Updates,Updates,Actualizaciones,Aktualisierung,Mises à jour,Atualizações,Aktualizacje,更新
452ef1b96854fe05618303ee601f8fed3b866c9f,Resources,Resources,Recursos,Ressourcen,Ressources,Recursos,Zasoby,资源资源
95a2e12582cb2c08c3b22735c3084d1f1533049d,"This company requires you to apply through their portal to complete your application.                    If you have already completed it, hold on until we get in touch with you.","This company requires you to apply through their portal to complete your application.                    If you have already completed it, hold on until we get in touch with you.","Esta compañía requiere que solicite a través de su portal para completar su solicitud. Si ya lo ha completado, espere hasta que nos comuniquemos con usted.","Diese Firma verlangt, dass Sie sich über ihr Portal bewerben, um Ihre Bewerbung zu vervollständigen. Wenn Sie es bereits abgeschlossen haben, warten Sie, bis wir uns mit Ihnen in Verbindung setzen.","Cette entreprise vous demande de postuler via leur portail pour compléter votre candidature. Si vous l'avez déjà terminé, attendez jusqu'à ce que nous vous contactions.","Esta empresa exige que você se inscreva no portal para concluir sua inscrição. Se você já tiver concluído, aguarde até entrarmos em contato com você.","Ta firma wymaga złożenia wniosku za pośrednictwem swojego portalu w celu uzupełnienia wniosku. Jeśli już go ukończyłeś, poczekaj, aż się z Tobą skontaktujemy.",该公司要求您通过他们的门户网站申请才能完成申请。如果您已经完成，请坚持下去，直到我们与您联系。
099d22652145e01ec68bc57ce995d48ba367c971,Go to portal,Go to portal,Ir al portal,Gehe zum Portal,Accéder au portail,Vá para o portal,Idź do portalu,转到门户
a72705f75bbbd3182e1f964d370c81c8c9ebb38c,Acceptance Note,Acceptance Note,Nota de aceptación,Akzeptanzhinweis,Note d'acceptation,Nota de aceitação,Nota akceptacyjna,录取通知书
19920b8f6be14f8924e6b545313482e958a5838a,Initial LDA Results,Initial LDA Results,Resultados iniciales de LDA,Erste LDA-Ergebnisse,Résultats initiaux de la LDA,Resultados iniciais da LDA,Wstępne wyniki LDA,初始LDA结果
85d4be0e7b8403ed623cb67e43063903fbe870c7,Standards Survey,Standards Survey,Encuesta de estándares,Umfrage zu Standards,Enquête sur les normes,Pesquisa de padrões,Badanie norm,标准调查
9e37e0d06148c7708e88b4a1eb412babbe1a4afc,Certificate,Certificate,Certificado,Zertifikat,Certificat,Certificado,Certyfikat,证书
b50988184cc496b945add2d11552b5ecfbbbc9a8,Final LDA Results,Final LDA Results,Resultados finales de LDA,Endgültige LDA-Ergebnisse,Résultats finaux de la LDA,Resultados finais da LDA,Ostateczne wyniki LDA,LDA最终结果
8434d4a28744d7df82cd39ef8da4266fcbc40064,Start,Start,comienzo,Start,Début,Começar,Początek,开始
b1bf5b6a06522ad62ed14c1fb857bc34b7b38ac0,Take the Assessment,Take the Assessment,Tomar la evaluación,Nehmen Sie die Bewertung,Passez l'évaluation,Faça a avaliação,Podejmij ocenę,参加评估
4afe31926e62fc7ec57318632befdc12955b7ce5,Application Step,Application Step,Paso de solicitud,Anwendungsschritt,Étape d'application,Etapa de aplicação,Krok aplikacji,申请步骤
e88a0db75b5f6b9a5e08bd36deabbccb5622782b,Congratulations on completing your experience!,Congratulations on completing your experience!,¡Felicitaciones por completar tu experiencia!,Herzlichen Glückwunsch zum Abschluss Ihrer Erfahrung!,Félicitations pour avoir terminé votre expérience!,Parabéns por completar sua experiência!,Gratulujemy ukończenia doświadczenia!,恭喜您完成体验！
bd2288956223cc75b791c389d3461624f8c7b40a,Get your certificate for successfully completing your AIESEC Leadership Development Experience.          You can access this certificate whenever you need from resources in the application details.,Get your certificate for successfully completing your AIESEC Leadership Development Experience.          You can access this certificate whenever you need from resources in the application details.,Obtenga su certificado para completar con éxito su Experiencia de Desarrollo de Liderazgo AIESEC. Puede acceder a este certificado siempre que lo necesite desde los recursos en los detalles de la aplicación.,Holen Sie sich Ihr Zertifikat für den erfolgreichen Abschluss Ihrer AIESEC Leadership Development Experience. Sie können jederzeit über Ressourcen in den Anwendungsdetails auf dieses Zertifikat zugreifen.,Obtenez votre certificat pour avoir réussi votre expérience de développement du leadership AIESEC. Vous pouvez accéder à ce certificat à tout moment à partir des ressources dans les détails de l'application.,Obtenha seu certificado por concluir com êxito sua Experiência de Desenvolvimento de Liderança AIESEC. Você pode acessar este certificado sempre que precisar dos recursos nos detalhes do aplicativo.,Zdobądź certyfikat za pomyślne ukończenie AIESEC Leadership Development Experience. Dostęp do tego certyfikatu można uzyskać w dowolnym momencie z zasobów w szczegółach aplikacji.,获得成功完成AIESEC领导力发展经验的证书。您可以根据需要在应用程序详细信息中的资源中访问此证书。
1fef546f3c2bd4969940f80319334d8eec9f777d,"Yes, Download Certificate","Yes, Download Certificate","Sí, descargar certificado","Ja, Zertifikat herunterladen","Oui, téléchargez le certificat","Sim, Baixar certificado","Tak, pobierz certyfikat",是的，下载证书
9012180345457a80a52622d9acc9f5d52c12d2ac,"No, Edit Name","No, Edit Name","No, Editar nombre","Nein, Name bearbeiten","Non, modifier le nom","Não, Editar Nome","Nie, edytuj nazwę",否，编辑姓名
20bead7f3b48de2cd9b3dd5de3a13094013318f4,Please verify your name before we generate your certificate.,Please verify your name before we generate your certificate.,Verifique su nombre antes de generar su certificado.,"Bitte überprüfen Sie Ihren Namen, bevor wir Ihr Zertifikat erstellen.",Veuillez vérifier votre nom avant de générer votre certificat.,Verifique seu nome antes de gerar seu certificado.,"Zweryfikuj swoje nazwisko, zanim wygenerujemy Twój certyfikat.",在生成证书之前，请先验证您的姓名。
5b3075e8dc3f3921ec316b0bd83b6d14a06c1a4f,Save changes,Save changes,Guardar cambios,Änderungen speichern,Sauvegarder les modifications,Salvar alterações,Zapisz zmiany,保存更改
e859df71e5b52307188a147567cda630a3d46679,Cancel,Cancel,Cancelar,Stornieren,Annuler,Cancelar,Anuluj,取消
0498dc7ae90d8513e065d56ec3ee30961046aaca,Download Certificate,Download Certificate,Descargar certificado,Zertifikat herunterladen,Télécharger le certificat,Baixar certificado,Pobierz certyfikat,下载证书
ca4abffa10a9a2719f39cd815131548b12acb96b,Get your certificate for successfully completing your AIESEC Leadership Development Experience.        You can access this certificate whenever you need from resources in the application details.,Get your certificate for successfully completing your AIESEC Leadership Development Experience.        You can access this certificate whenever you need from resources in the application details.,Obtenga su certificado para completar con éxito su Experiencia de Desarrollo de Liderazgo AIESEC. Puede acceder a este certificado siempre que lo necesite desde los recursos en los detalles de la aplicación.,Holen Sie sich Ihr Zertifikat für den erfolgreichen Abschluss Ihrer AIESEC Leadership Development Experience. Sie können jederzeit über Ressourcen in den Anwendungsdetails auf dieses Zertifikat zugreifen.,Obtenez votre certificat pour avoir réussi votre expérience de développement du leadership AIESEC. Vous pouvez accéder à ce certificat à tout moment à partir des ressources dans les détails de l'application.,Obtenha seu certificado por concluir com êxito sua Experiência de Desenvolvimento de Liderança AIESEC. Você pode acessar este certificado sempre que precisar dos recursos nos detalhes do aplicativo.,Zdobądź certyfikat za pomyślne ukończenie AIESEC Leadership Development Experience. Dostęp do tego certyfikatu można uzyskać w dowolnym momencie z zasobów w szczegółach aplikacji.,获得成功完成AIESEC领导力发展经验的证书。您可以根据需要在应用程序详细信息中的资源中访问此证书。
e1248dc2b149994969a9c4ec0fe2b80415085cf7,Your certificate will sent to your email.,Your certificate will sent to your email.,Su certificado será enviado a su correo electrónico.,Ihr Zertifikat wird an Ihre E-Mail gesendet.,Votre certificat sera envoyé à votre e-mail.,Seu certificado será enviado para o seu email.,Twój certyfikat zostanie wysłany na Twój adres e-mail.,您的证书将发送到您的电子邮件。
9ea3d3c2818646de9468fd9162cd2caa09d92481,Flight Details,Flight Details,Detalles del vuelo,Flugdaten,Les détails du vol,Detalhes do vôo,Szczegóły lotu,航班详情
ee57b34fb4510248b2a7891884ad574b6e65fd8f,"Yes, I have.","Yes, I have.",Sí tengo.,"Ja, habe ich.",Oui j'ai.,"Sim, eu tenho.","Tak, mam.",是的，我有。
86331dbb94cd23b4dd12a8e9987d319fa8107bc0,Onward Arrival Airport,Onward Arrival Airport,Aeropuerto de llegada en adelante,Weiterreise Flughafen,Aéroport d'arrivée,Aeroporto de chegada,Lotnisko przylotu,到达机场
4cd8ca118c7cc4ec9e617f93320e9e4918bb9fd4,Airport (code & name),Airport (code & name),Aeropuerto (código y nombre),Flughafen (Code & Name),Aéroport (code et nom),Aeroporto (código e nome),Lotnisko (kod i nazwa),机场（代码和名称）
853af7d1f6656baff6d5fde1f4f6057a42a78936,Date & Time,Date & Time,Fecha y hora,Terminzeit,Date et heure,Data hora,Data i godzina,约会时间
8b696638019b0bff98f44fee4697b6bfee919996,Return date cannot be before Onward date!,Return date cannot be before Onward date!,¡La fecha de regreso no puede ser anterior a la fecha en adelante!,Rückgabedatum kann nicht vor dem Weitergabedatum liegen!,La date de retour ne peut pas être antérieure à la date Onward!,A data de retorno não pode ser anterior à data de Onward!,Data powrotu nie może być wcześniejsza niż data początkowa!,返回日期不能早于开始日期！
d7a85cc8da7905efeab2e036831c17ac87e62900,Return Departure Airport,Return Departure Airport,Aeropuerto de regreso,Rückflug Flughafen,Retour Aéroport de départ,Aeroporto de partida e retorno,Lotnisko wylotu powrotnego,返程出发机场
4f8797c41b807be5f9e3a130bef4fad7cdac3e68,"(If you haven’t booked your return tickets yet, you can fill this in later.)","(If you haven’t booked your return tickets yet, you can fill this in later.)","(Si aún no ha reservado sus boletos de regreso, puede completarlo más adelante).","(Wenn Sie Ihre Rückfahrkarten noch nicht gebucht haben, können Sie diese später ausfüllen.)","(Si vous n'avez pas encore réservé vos billets de retour, vous pouvez le remplir plus tard.)","(Se você ainda não reservou seus bilhetes de volta, preencha-o mais tarde.)","(Jeśli nie zarezerwowałeś jeszcze biletów powrotnych, możesz wypełnić to później.)",（如果您尚未预订往返票，则可以稍后填写。）
71c77bb8cecdf11ec3eead24dd1ba506573fa9cd,Submit,Submit,Enviar,einreichen,Soumettre,Enviar,Zatwierdź,提交
2c03bf56f06b511f3467086c09ebd3c4953e5b07,"No, I have not.","No, I have not.","No, no tengo.","Nein, habe ich nicht.",Non je n'ai pas.,"Não, eu não tenho.","Nie, nie mam.",不我没有。
3eb7f19a069d1a45f089eb9c541fbe4914b941be,AIRPORT,AIRPORT,AEROPUERTO,FLUGHAFEN,AÉROPORT,AEROPORTO,LOTNISKO,飞机场
fd805eab83b7f5c0f46c939986cd3e5be72e9385,DATE,DATE,FECHA,DATUM,DATE,ENCONTRO,DATA,日期
df9ebc2b5804df61020c9fb8c625bbbd647e0298,TIME,TIME,HORA,ZEIT,TEMPS,TEMPO,CZAS,时间
62c9fcfd850eb74805a57221fa5db3a5252d8cb4,Feedback Survey,Feedback Survey,Encuesta de retroalimentación,Feedback-Umfrage,Sondage de rétroaction,Pesquisa de Feedback,Ankieta zwrotna,反馈调查
dccc035628d800f0b268a09bd0da7b13caf39945,"Through Global Volunteer opportunities, AIESEC is working towards achieving the United Nations Sustainable Development Goals (SDGs). These Goals aim to end extreme poverty, inequality and climate change by 2030.","Through Global Volunteer opportunities, AIESEC is working towards achieving the United Nations Sustainable Development Goals (SDGs). These Goals aim to end extreme poverty, inequality and climate change by 2030.","A través de oportunidades de voluntariado global, AIESEC está trabajando para alcanzar los Objetivos de Desarrollo Sostenible (ODS) de las Naciones Unidas. Estos objetivos apuntan a terminar con la pobreza extrema, la desigualdad y el cambio climático para 2030.","Durch globale Freiwilligenarbeit arbeitet AIESEC daran, die Ziele der Vereinten Nationen für nachhaltige Entwicklung (SDGs) zu erreichen. Diese Ziele zielen darauf ab, extreme Armut, Ungleichheit und Klimawandel bis 2030 zu beenden.","Grâce aux opportunités de Volontariat Mondial, l'AIESEC travaille à la réalisation des Objectifs de Développement Durable (ODD) des Nations Unies. Ces objectifs visent à mettre fin à l'extrême pauvreté, aux inégalités et au changement climatique d'ici 2030.","Por meio das oportunidades de Voluntariado Global, a AIESEC está trabalhando para alcançar os Objetivos de Desenvolvimento Sustentável (ODS) das Nações Unidas. Esses Objetivos visam acabar com a pobreza extrema, a desigualdade e as mudanças climáticas até 2030.","Dzięki możliwościom Global Volunteer AIESEC dąży do osiągnięcia celów zrównoważonego rozwoju ONZ (SDG). Cele te mają na celu położenie kresu skrajnemu ubóstwu, nierówności i zmianom klimatu do 2030 r.",通过全球志愿人员的机会，AIESEC正在努力实现联合国可持续发展目标。这些目标旨在到2030年消除极端贫困，不平等和气候变化。
6ebba0b92d00dc0d39d079e63e0016bb932d2930,We want to make sure the positive impact of each of our volunteers is recorded. This will allow us to better understand outcomes of our projects and report on their impact.,We want to make sure the positive impact of each of our volunteers is recorded. This will allow us to better understand outcomes of our projects and report on their impact.,Queremos asegurarnos de que se registre el impacto positivo de cada uno de nuestros voluntarios. Esto nos permitirá comprender mejor los resultados de nuestros proyectos e informar sobre su impacto.,"Wir möchten sicherstellen, dass die positiven Auswirkungen jedes unserer Freiwilligen aufgezeichnet werden. Auf diese Weise können wir die Ergebnisse unserer Projekte besser verstehen und über ihre Auswirkungen berichten.",Nous voulons nous assurer que l'impact positif de chacun de nos bénévoles est enregistré. Cela nous permettra de mieux comprendre les résultats de nos projets et de rendre compte de leur impact.,Queremos garantir que o impacto positivo de cada um de nossos voluntários seja registrado. Isso nos permitirá entender melhor os resultados de nossos projetos e relatar seu impacto.,"Chcemy mieć pewność, że odnotowano pozytywny wpływ każdego z naszych wolontariuszy. Pozwoli nam to lepiej zrozumieć wyniki naszych projektów i przedstawić ich wpływ.",我们希望确保记录每个志愿者的积极影响。这将使我们能够更好地了解我们项目的成果并报告其影响。
4dff360839f1b997fcf97841caf5ef5be4d38ab5,Please fill in fields below for each indicator based on the results of your work in the project.,Please fill in fields below for each indicator based on the results of your work in the project.,Complete los campos a continuación para cada indicador en función de los resultados de su trabajo en el proyecto.,"Bitte füllen Sie die Felder unten für jeden Indikator aus, basierend auf den Ergebnissen Ihrer Arbeit im Projekt.",Veuillez remplir les champs ci-dessous pour chaque indicateur en fonction des résultats de votre travail dans le projet.,"Por favor, preencha os campos abaixo para cada indicador com base nos resultados do seu trabalho no projeto.",Wypełnij poniższe pola dla każdego wskaźnika w oparciu o wyniki swojej pracy w projekcie.,请根据您在项目中的工作结果为每个指标填写以下字段。
90befe22535a52e2f703cb0d1f3c8c6f9c88cf9d,Required. Please fill in all the fields.,Required. Please fill in all the fields.,Necesario. Porfavor llene todos los campos.,Erforderlich. Bitte füllen Sie alle Felder aus.,Obligatoire. Veuillez remplir tout les champs.,Requeridos. Por favor preencha todos os campos.,Wymagany. Proszę wypełnić wszystkie pola.,需要。请把空白处全部填写。
41bcea7b08bbd7328312f727ae01b7f074da6233,Proceed,Proceed,Continuar,Vorgehen,Procéder,Continuar,Kontynuować,继续
7c3e5667d16c7fa3e19bab6004174c1cf56e25d2,Would you like to be a promoter of AIESEC?,Would you like to be a promoter of AIESEC?,¿Te gustaría ser promotor de AIESEC?,Möchten Sie ein Promoter von AIESEC sein?,Voulez-vous être un promoteur de l'AIESEC?,Gostaria de ser um promotor da AIESEC?,Czy chciałbyś być promotorem AIESEC?,您想成为AIESEC的发起人吗？
3f4a7634769edb80df9bd98454e9053eb3b9e0f4,Share a testimonial on our website.,Share a testimonial on our website.,Comparta un testimonio en nuestro sitio web.,Teilen Sie ein Testimonial auf unserer Website.,Partagez un témoignage sur notre site Web.,Compartilhe um depoimento em nosso site.,Podziel się opinią na naszej stronie internetowej.,在我们的网站上分享推荐。
dd7eb49c0e8fa8c9da07335c1db7d1dcb7b23daf,"If you would like to feature your exchange story on our blog, please fill","If you would like to feature your exchange story on our blog, please fill","Si desea presentar su historia de intercambio en nuestro blog, complete","Wenn Sie Ihre Austauschgeschichte in unserem Blog veröffentlichen möchten, füllen Sie diese bitte aus","Si vous souhaitez présenter votre histoire d'échange sur notre blog, veuillez remplir","Se você deseja destacar sua história de intercâmbio em nosso blog, preencha","Jeśli chcesz zamieścić swoją historię wymiany na naszym blogu, wypełnij",如果您想在我们的博客上发表您的交流故事，请填写
356a816f6e401934709fa0a507db09081a2944ef,this                  form,this                  form,esta forma,diese Form,ce formulaire,essa forma,ten formularz,这种形式
cb6095ce55dcd8f7fc0ef007f75cad8389fc66d0,and we will be in touch.,and we will be in touch.,y estaremos en contacto,und wir werden uns melden.,et nous serons en contact.,e entraremos em contato.,i będziemy w kontakcie.,我们会保持联系。
6374f795b6026bcccfe6970310c77f0d403bb1cd,Thank you for your Feedback,Thank you for your Feedback,Gracias por tus comentarios,Vielen Dank für dein Feedback,Merci pour votre avis,Obrigado pelo seu feedback,Dziękujemy za twoją opinię,感谢您的反馈意见
a7868521fbf6d9fb7b97f910c3f060bbd995a118,Okay,Okay,Bueno,okay,d'accord,OK,w porządku,好的
46ddf4fa76e5c1e67a5c2a617331d6272a8f4dbe,Total Amount:,Total Amount:,Cantidad total:,Gesamtmenge:,Montant total:,Valor total:,Całkowita kwota:,总金额：
7c35c5c1cc25faef6d211725a6d38bcd4cf1d30a,Currency:,Currency:,Moneda:,Währung:,Devise:,Moeda:,Waluta:,货币：
a534791564b982d51d863c3cc957569ae9116905,Pay Online,Pay Online,Paga en linea,Online bezahlen,Payez en ligne,Pagamento Online,Zapłać online,网上付款
1ee18aebcc5453f861041b1d5ad7bb27f33dc29f,"We highly value your experience and unique point of view. To help us improve, we would like to ask you a few        questions. The survey will take approximately 5 minutes for you to complete. Once completed, an AIESEC         experience         certificate will be generated for you and will be available for download below. We really appreciate your         feedback         and time!","We highly value your experience and unique point of view. To help us improve, we would like to ask you a few        questions. The survey will take approximately 5 minutes for you to complete. Once completed, an AIESEC         experience         certificate will be generated for you and will be available for download below. We really appreciate your         feedback         and time!","Valoramos mucho su experiencia y su punto de vista único. Para ayudarnos a mejorar, nos gustaría hacerle algunas preguntas. La encuesta tomará aproximadamente 5 minutos para que la complete. Una vez completado, se generará un certificado de experiencia AIESEC para usted y estará disponible para descargar a continuación. Realmente apreciamos sus comentarios y tiempo!","Wir schätzen Ihre Erfahrung und Ihre einzigartige Sichtweise sehr. Um uns zu verbessern, möchten wir Ihnen einige Fragen stellen. Das Ausfüllen der Umfrage dauert ca. 5 Minuten. Nach Abschluss wird ein AIESEC-Erfahrungszertifikat für Sie erstellt, das Sie unten herunterladen können. Wir freuen uns sehr über Ihr Feedback und Ihre Zeit!","Nous apprécions grandement votre expérience et votre point de vue unique. Pour nous aider à nous améliorer, nous aimerions vous poser quelques questions. L'enquête prendra environ 5 minutes à remplir. Une fois terminé, un certificat d'expérience AIESEC sera généré pour vous et pourra être téléchargé ci-dessous. Nous apprécions vraiment vos commentaires et votre temps!","Valorizamos muito a sua experiência e o seu ponto de vista único. Para nos ajudar a melhorar, gostaríamos de fazer algumas perguntas. A pesquisa levará aproximadamente 5 minutos para você concluir. Depois de concluído, um certificado de experiência AIESEC será gerado para você e estará disponível para download abaixo. Nós realmente apreciamos o seu feedback e tempo!","Bardzo cenimy sobie Twoje doświadczenie i wyjątkowy punkt widzenia. Aby pomóc nam ulepszyć, chcielibyśmy zadać Ci kilka pytań. Wypełnienie ankiety zajmie około 5 minut. Po zakończeniu zostanie wygenerowany certyfikat doświadczenia AIESEC, który będzie można pobrać poniżej. Naprawdę doceniamy twoją opinię i czas!",我们高度重视您的经验和独特的观点。为了帮助我们改进，我们想问您几个问题。调查大约需要5分钟才能完成。完成后，将为您生成AIESEC经验证书，并将在下面提供下载。非常感谢您的反馈和宝贵的时间！
35e659b7b40d2866bff6491d7b92cdbbe5c0e175,Take the survey,Take the survey,Tomar la encuesta,Nimm an der Umfrage teil,Participer à l'enquête,Faça a pesquisa,Weź udział w ankiecie,参加调查
ea35c991a4b703b1d0559be8a04a7cd6f764a6ed,What do you say?,What do you say?,¿Qué dices?,Was sagst du?,Que dis-tu?,O que você disse?,Co mówisz?,你说什么？
21ca684b57ba607da7086d98491beafd6a2a08f1,"Ok, let's go!","Ok, let's go!",¡OK vamos!,OK los geht's!,OK allons-y!,"Ok, vamos lá!",Dobra chodźmy!,好了，走吧！
019c235eb60021addf32b8321741a133902f5e63,Select the earliest date you are available to go on exchange.,Select the earliest date you are available to go on exchange.,Seleccione la fecha más temprana en la que esté disponible para realizar el intercambio.,"Wählen Sie das früheste Datum aus, an dem Sie für den Austausch verfügbar sind.",Sélectionnez la première date à laquelle vous êtes disponible pour l'échange.,Selecione a data mais antiga em que você está disponível para trocar.,Wybierz najwcześniejszą możliwą datę wymiany.,选择您可以进行交换的最早日期。
c61628616ef13107a87b0717eff486b89b62cd51,Select the number of weeks you are available from your start date.,Select the number of weeks you are available from your start date.,Seleccione el número de semanas que está disponible desde su fecha de inicio.,"Wählen Sie die Anzahl der Wochen aus, die Sie ab Ihrem Startdatum verfügbar sind.",Sélectionnez le nombre de semaines de disponibilité à partir de votre date de début.,Selecione o número de semanas que você está disponível a partir da data de início.,"Wybierz liczbę tygodni, które będą dostępne od daty początkowej.",从开始日期选择您有空的周数。
860c1a840508514f19313e93ea3e991fd4f53d3f,6-8 weeks,6-8 weeks,6-8 semanas,6-8 Wochen,6-8 semaines,6-8 semanas,6-8 tygodni,6-8周
a6667dbf7bdb28f6a67ed6a8c2e559b58fe5fbd7,6-12 weeks,6-12 weeks,6-12 semanas,6-12 Wochen,6-12 semaines,6-12 semanas,6-12 tygodni,6-12周
d52c0a8a0c655029465057140c45b228e677ffd4,12-72 weeks,12-72 weeks,12-72 semanas,12-72 Wochen,12-72 semaines,12-72 semanas,12–72 tygodnie,12-72周
c149ff003a5bfe36cf19d33470b0168439ba12e9,I don't mind duration,I don't mind duration,No me importa la duración,Die Dauer macht mir nichts aus,La durée ne me dérange pas,Não me importo duração,Nie przeszkadza mi czas trwania,我不在乎持续时间
cc88087fb423b1ec7efb29cd706feb91092bd4fd,Keep going,Keep going,Sigue adelante,Mach weiter,Continue,Continue,Tak trzymaj,继续
98ae65ebba6c43c5cda8bdbd6f03e1daa0595af1,Recommended,Recommended,Recomendado,Empfohlen,conseillé,Recomendado,Zalecana,推荐的
9441d4d1fe0389a864a842b681b98653e8232e6e,Volunteer,Volunteer,Voluntario,Freiwillige,Bénévole,Voluntário,Wolontariusz,志愿者
8b0653973ded9b0e7d9c4eec24d68c4bd3ea90f9,startup,startup,puesta en marcha,Anfang,Commencez,comece,uruchomienie,启动
c8a561306692b2586037e8f66fbefd53fa67ef01,Our Global Entrepreneur internship opportunities will be perfect for you.,Our Global Entrepreneur internship opportunities will be perfect for you.,Nuestras oportunidades de pasantías para emprendedores globales serán perfectas para usted.,Unsere Praktikumsmöglichkeiten bei Global Entrepreneur sind perfekt für Sie.,Nos opportunités de stage Global Entrepreneur seront parfaites pour vous.,Nossas oportunidades de estágio Global Entrepreneur serão perfeitas para você.,Nasze staże dla globalnych przedsiębiorców będą dla Ciebie idealne.,我们的全球企业家实习机会将非常适合您。
6dbdf45a43dea309fdbce6f292a14b49eb332836,corporate,corporate,corporativo,Unternehmen,entreprise,corporativo,zbiorowy,企业的
9e9ca1da40a9805f3a8ee9b4a2f0f2cd75c147a0,Our Global Talent internship opportunities will be perfect for you.,Our Global Talent internship opportunities will be perfect for you.,Nuestras oportunidades de pasantías en Global Talent serán perfectas para usted.,Unsere Praktikumsmöglichkeiten bei Global Talent sind perfekt für Sie.,Nos opportunités de stage Global Talent seront parfaites pour vous.,Nossas oportunidades de estágio Global Talent serão perfeitas para você.,Nasze staże Global Talent będą dla Ciebie idealne.,我们的全球人才实习机会将非常适合您。
bf4c8d98eea9424348ef40942ca9954e3ad03574,AIESEC has partnered with the United Nations to align all volunteer opportunities to a Sustainable Development Goals (SDGs). You can now make a global impact through your experience with our opportunities.,AIESEC has partnered with the United Nations to align all volunteer opportunities to a Sustainable Development Goals (SDGs). You can now make a global impact through your experience with our opportunities.,AIESEC se ha asociado con las Naciones Unidas para alinear todas las oportunidades de voluntariado con los Objetivos de Desarrollo Sostenible (ODS). Ahora puede tener un impacto global a través de su experiencia con nuestras oportunidades.,"AIESEC hat sich mit den Vereinten Nationen zusammengetan, um alle Möglichkeiten für Freiwillige an den Zielen für nachhaltige Entwicklung (SDGs) auszurichten. Sie können jetzt durch Ihre Erfahrung mit unseren Möglichkeiten eine globale Wirkung erzielen.",L'AIESEC a établi un partenariat avec les Nations Unies pour aligner toutes les opportunités de volontariat sur les objectifs de développement durable (ODD). Vous pouvez désormais avoir un impact mondial grâce à votre expérience avec nos opportunités.,A AIESEC fez parceria com as Nações Unidas para alinhar todas as oportunidades de voluntariado aos Objetivos de Desenvolvimento Sustentável (ODS). Agora você pode causar um impacto global através da sua experiência com as nossas oportunidades.,AIESEC współpracuje z Organizacją Narodów Zjednoczonych w celu dostosowania wszystkich możliwości wolontariatu do celów zrównoważonego rozwoju (SDG). Możesz teraz wywrzeć globalny wpływ dzięki doświadczeniu z naszymi możliwościami.,AIESEC与联合国合作，将所有志愿者机会与可持续发展目标（SDGs）相结合。现在，您可以利用我们的机会为您带来全球影响力。
479f1b29b188cf4a898d0cf828064507be3c3efb,Select one or more of the following SDGs you would like to contribute towards.,Select one or more of the following SDGs you would like to contribute towards.,Seleccione uno o más de los siguientes ODS a los que le gustaría contribuir.,"Wählen Sie eines oder mehrere der folgenden SDGs aus, zu denen Sie beitragen möchten.",Sélectionnez un ou plusieurs des ODD suivants auxquels vous souhaitez contribuer.,Selecione um ou mais dos seguintes ODS que você gostaria de contribuir.,"Wybierz jeden lub więcej z poniższych celów SDG, w których chcesz uczestniczyć.",选择您想贡献的以下一个或多个SDG。
bdf5bc9d2dc28b796daf5eb88e4f527a8cd09a79,No Preference,No Preference,Sin preferencias,Keine Präferenz,Pas de préférence,Sem preferência,Bez preferencji,没有偏好
65d2a41dbe1f7ea38131abafdf653ebd12319a9a,"Done, next one!","Done, next one!","Listo, el próximo!","Fertig, nächster!","Terminé, le suivant!","Feito, próximo!","Gotowe, następne!",做完，下一个！
ce932a5d0253dd04760bef21687b3b5fdba956a7,Based on your choices we have following field of work to choose from.,Based on your choices we have following field of work to choose from.,"Según sus elecciones, tenemos el siguiente campo de trabajo para elegir.",Basierend auf Ihrer Auswahl haben wir folgendes Arbeitsfeld zur Auswahl.,"En fonction de vos choix, nous avons le domaine de travail suivant à choisir.","Com base nas suas escolhas, temos o seguinte campo de trabalho para você escolher.",W zależności od twoich wyborów mamy do wyboru następujący zakres prac.,根据您的选择，我们有以下工作领域可供选择。
0e80d7ecc3df8ea25ca941698fdac3ddf9881d26,Select one or more of the field of work you wish to opt for.,Select one or more of the field of work you wish to opt for.,Seleccione uno o más de los campos de trabajo que desea optar.,"Wählen Sie einen oder mehrere Arbeitsbereiche aus, für die Sie sich entscheiden möchten.",Sélectionnez un ou plusieurs des domaines de travail pour lesquels vous souhaitez opter.,Selecione um ou mais campos de trabalho que você deseja optar.,"Wybierz jedną lub więcej dziedzin pracy, które chcesz wybrać.",选择您想要选择的一个或多个工作领域。
105aa21bd83d953d9d4aa35b9cc5066af6167e79,"Based on your choices and your current location, we have a list of possible countries for your first AIESEC experience.","Based on your choices and your current location, we have a list of possible countries for your first AIESEC experience.","Según sus elecciones y su ubicación actual, tenemos una lista de posibles países para su primera experiencia con AIESEC.",Basierend auf Ihrer Auswahl und Ihrem aktuellen Standort haben wir eine Liste möglicher Länder für Ihre erste AIESEC-Erfahrung.,"En fonction de vos choix et de votre emplacement actuel, nous avons une liste de pays possibles pour votre première expérience AIESEC.","Com base em suas escolhas e sua localização atual, temos uma lista de possíveis países para sua primeira experiência com a AIESEC.","Na podstawie twoich wyborów i bieżącej lokalizacji mamy listę krajów, w których możesz skorzystać z pierwszego doświadczenia AIESEC.",根据您的选择和您当前的位置，我们为您提供首次AIESEC体验的可能国家/地区列表。
234e214e1ee60c711d62eddae020af164b808230,Select one or more of the countries you wish to go.,Select one or more of the countries you wish to go.,Seleccione uno o más de los países a los que desea ir.,"Wählen Sie eines oder mehrere der Länder aus, in die Sie reisen möchten.",Sélectionnez un ou plusieurs des pays que vous souhaitez visiter.,Selecione um ou mais dos países que você deseja ir.,"Wybierz jeden lub więcej krajów, do których chcesz pojechać.",选择您想去的一个或多个国家。
29d04c8799a2fc0a00e5afec74e6839e9d8cd96c,"Here are the options you chose, feel free to change them if you wish.","Here are the options you chose, feel free to change them if you wish.","Estas son las opciones que eligió, no dude en cambiarlas si lo desea.","Hier sind die Optionen, die Sie ausgewählt haben. Sie können sie jederzeit ändern, wenn Sie dies wünschen.","Voici les options que vous avez choisies, n'hésitez pas à les modifier si vous le souhaitez.","Aqui estão as opções que você escolheu, fique à vontade para alterá-las, se desejar.","Oto opcje, które wybrałeś, możesz je zmienić, jeśli chcesz.",这是您选择的选项，如有需要，请随时进行更改。
fe788dd32538034a1afe978e956f3d2403e2df83,Interest,Interest,Interesar,Interesse,L'intérêt,Interesse,Zainteresowanie,利益
024cdb2814b0cb3f4ced148f1a0b9854447cb214,Change,Change,Cambio,Veränderung,Changement,mudança,Zmiana,更改
35bd52c2e16cbd42a7c9808105f337e8d5518df8,"Awesome, let’s see them!","Awesome, let’s see them!","Impresionante, ¡vamos a verlos!","Super, mal sehen!","Génial, voyons-les!","Incrível, vamos vê-los!","Wspaniale, zobaczmy je!",太好了，让我们看看吧！
f4d99f8dbfaacd022c33230a1b57f1c151f0761f,Are you sure you want to skip?,Are you sure you want to skip?,¿Estás seguro de que quieres saltarte?,"Sind Sie sicher, dass Sie überspringen möchten?",Voulez-vous vraiment sauter?,Tem certeza de que deseja pular?,Czy na pewno chcesz pominąć?,您确定要跳过吗？
2cb7e729ca13ed490f3db2e1c44f175d0c98c12e,"Yes, Skip","Yes, Skip",Sí pase,Ja überspringen,"Oui, sauter","Sim, pule","Tak, pomiń",是的，跳过
c351616c72b2aefd8588f82d6df8f6edbefe2e72,Oh no! We can't seem to find this page.,Oh no! We can't seem to find this page.,¡Oh no! Parece que no podemos encontrar esta página.,Ach nein! Wir können diese Seite nicht finden.,Oh non! Impossible de trouver cette page.,Ah não! Parece que não conseguimos encontrar esta página.,O nie! Nie możemy znaleźć tej strony.,不好了！我们似乎找不到此页面。
fe98d75649b77b69c58ffa40494a7c60f1a15430,Let's help you find your way back home. If you still have questions     you can chat with us by clicking on the blue chat bubble at the bottom right corner of the screen.,Let's help you find your way back home. If you still have questions     you can chat with us by clicking on the blue chat bubble at the bottom right corner of the screen.,"Vamos a ayudarte a encontrar el camino de regreso a casa. Si aún tiene preguntas, puede chatear con nosotros haciendo clic en la burbuja de chat azul en la esquina inferior derecha de la pantalla.","Wir helfen Ihnen, den Weg nach Hause zu finden. Wenn Sie noch Fragen haben, können Sie mit uns chatten, indem Sie auf die blaue Chat-Blase in der unteren rechten Ecke des Bildschirms klicken.","Laissez-nous vous aider à retrouver le chemin du retour. Si vous avez encore des questions, vous pouvez discuter avec nous en cliquant sur la bulle de discussion bleue dans le coin inférieur droit de l'écran.","Vamos ajudá-lo a encontrar o caminho de volta para casa. Se você ainda tiver dúvidas, pode conversar conosco clicando no balão azul no canto inferior direito da tela.","Pomóżmy znaleźć drogę do domu. Jeśli nadal masz pytania, możesz z nami porozmawiać, klikając niebieski bąbelek czatu w prawym dolnym rogu ekranu.",让我们帮助您找到回家的路。如果您仍有疑问，可以通过点击屏幕右下角的蓝色聊天气泡与我们聊天。
341cb8d15e153d729e77c502ea9d60c32e724da9,Go home,Go home,Vete a casa,Nach Hause gehen,rentrer chez soi,Ir para casa,Idź do domu,回家
341cb8d15e153d729e77c502ea9d60c32e724da9,Go home,Go homess,Vete a casa,Nach Hause gehen,rentrer chez soi,Ir para casa,Idź do domu,回家
